1¬Achi’¬67¬Baja Verapaz¬&
2¬Akateka¬67¬Huehuetenango¬&
3¬Awakateka¬67¬Huehuetenango¬&
4¬Ch’orti’¬67¬Chiquimula y Zacapa¬&
5¬Chalchiteka¬67¬Huehuetenango¬&
6¬Chuj¬67¬Huehuetenango¬&
7¬Garífuna¬67¬Izabal¬&
8¬Itza’¬67¬El Petén¬&
9¬Ixil El¬67¬Quiché¬&
10¬Jakalteka¬67¬Huehuetenango¬&
11¬K´iche´¬67¬El Quiché, Huehuetenango, Quetzaltenango, Retalhuleu, Sololá, Suchitepequez Totonicapán, San Marcos y Chimaltenango.¬&
12¬Kaqchikel¬67¬Chimaltenango, Guatemala, Baja Verapaz, Sacatepéquez, Sololá y Suchitepéquez.¬&
13¬Mam¬67¬Huehuetenango, Quetzaltenango, San Marcos y Retalhuleu¬&
14¬Mopan¬67¬El Petén¬&
15¬Poqomam¬67¬Escuintla, Guatemala y Jalapa¬&
16¬Poqomchi’¬67¬Alta Verapaz, Baja Verapaz y El Quiché¬&
17¬Q´eqchi´¬67¬Alta Verapaz, Petén, El Quiché e Izabal¬&
18¬Q’anjob’al¬67¬Huehuetenango¬&
19¬Sakapulteka¬67¬El Quiché¬&
20¬Sipakapense¬67¬San Marcos¬&
21¬Tektiteka¬67¬Huehuetenango¬&
22¬Tz’utujil¬67¬Sololá y Suchitepéquez¬&
23¬Uspanteka¬67¬El Quiché¬&
24¬Xinka Santa¬67¬Rosa y Jutiapa¬&
25¬Akateko¬51¬Oaxaca. Usado por: Tzjonnon, tzo'tyio, tzañcue¬&
26¬Amuzgo¬51¬Originarios de Aguacatán, Huehuetenango, Guatemala¬&
27¬Awakateko¬51¬¬&
28¬Ayapaneco¬51¬sur de Oaxaca. Usado por Kitsecha'tnio, cha'cña¬&
29¬Chatino¬51¬Municipio de San Luis de la Paz, Guanajuato. Usado por: Chichimecas jonaz, Chimeco, Meco; Uza, (plural: ezar)¬&
30¬Chichimeco jonaz¬51¬Oaxaca. Usado por: Tsajujmí'¬&
31¬Chinanteco¬51¬Oaxaca. Usado por: Chocho, Runixa ngiigua¬&
32¬Chocholteco¬51¬norte de Chiapas. Usado por: Chol; Winik¬&
33¬Ch'ol¬51¬Usado por: Chontal; Slijuala xanuc'¬&
34¬Chontal de Oaxaca¬51¬Usado por: Chontal; Yokot'anob, yokot'an,fane¬&
35¬Chontal de Tabasco¬51¬Originarios de los Altos Cuchumatanes, Huehuetenango, Guatemala¬&
36¬Chuj¬51¬Nayarit. Usado por: Nayeri, nayeeri¬&
37¬Cora¬51¬Se autonombran es-pei, viven en Mexicali y Ensenada, Baja California, y en Sonora; mientras que sus parientes cocopah viven sobre todo en Somerton, Arizona. Usado por: Es'pei, Es'pel¬&
38¬Cucapá¬51¬Usado por: Nduuduyo¬&
39¬Cuicateco¬51¬sureste de Sonora. Usado por: Makurawe, macoragüi, warijo, varojio¬&
40¬Guarijío¬51¬Usado por: Teenek. Incluye: Huasteco de San Luis Potosí; Huasteco de Veracruz¬&
41¬Huasteco¬51¬Usado por: Raramuri, Rarámuris¬&
42¬Tarahumara¬51¬Oaxaca. Usado por: Meroikook¬&
43¬Huave¬51¬Jalisco, Nayarit, Zacatecas y Durango. Usado por: Wirraritari, wixarika¬&
44¬Huichol¬51¬¬&
45¬Ixcateco¬51¬Originarios de los Altos Cuchumatanes, Huehuetenango, Guatemala¬&
46¬Ixil¬51¬Originarios de los Altos Cuchumatanes, Huehuetenango, Guatemala. Usado por: Jacalteco, Abxubal¬&
47¬Jakalteko¬51¬Originarios de Totonicapán, Chimaltenango, Sololá y Sacatepéquez, y sectores de El Quiché, Quetzaltenango, Suchitépequez y Baja Verapaz en Guatemala. Usado por: Quiché¬&
48¬K’iche’¬51¬Originarios de Totonicapán, Chimaltenango, Sololá y Sacatepéquez, y sectores de El Quiché, Quetzaltenango, Suchitépequez y Baja Verapaz en Guatemala. Usado por: Cakchiquel¬&
49¬Kaqchikel¬51¬Coahuila. Usado por: Kikapú, Kikapúes, Chikapw, kikapooa¬&
50¬Kickapoo¬51¬Usado por: Chikapw, kikapooa¬&
51¬Kiliwa¬51¬Baja California, Ensenada, comunidad indígena de Santa Catarina, El Aguajito (Mat Chip) [Rancho Matchip], Rancho Escondido, Rancho Wikualpuk (El Ranchito)¬&
52¬Ku’ahl¬51¬Usado por: Ti'pai, kamia¬&
53¬Kumiai¬51¬Chiapas. Usado por: Hach winik, hachtan¬&
54¬Lacandón¬51¬Campeche, Quintana Roo y Chiapas. Originarios de los Altos Cuchumatanes, Huehuetenango, Guatemala . Usado por: Mame, Qyool¬&
55¬Mam¬51¬Estado de México. Usado por: Botuna, matlatzinka¬&
56¬Matlatzinca¬51¬Quintana Roo, Campeche y Yucatán¬&
57¬Maya¬51¬Sonora y Sinaloa. Usado por: Yoreme¬&
58¬Mayo¬51¬Habitan en parte noroeste del Estado de México y en una pequeña área del oriente del estado de Michoacán. Usado por: Jnatio, mazahuas¬&
59¬Mazahua¬51¬Oaxaca. Usado por: Hashutaenima¬&
60¬Mazateco¬51¬Pueblo que habita entre la vertiente de la Sierra Madre del Sur y la costa del estado de Guerrero. Usado por: Tlapaneco¬&
61¬Me´phaa¬51¬¬&
62¬Mestizo¬51¬norte de Oaxaca. Usado por: Ayuukjä'äy, ayuuk, ayook¬&
63¬Mixe¬51¬Guerrero, Puebla y Oaxaca. Usado por: Nuusavi¬&
64¬Mixteco¬51¬¬&
65¬Náhuatl¬51¬¬&
66¬Otro origen étnico¬51¬Usado por: Popoluca, Popolucas, homshuk. Ver también: Popoluca de la Sierra, Sayulteco y Texistepequeño¬&
67¬Oluteco¬51¬Incluye: Otomíes del Estado de México, Otomíes del Valle del Mezquital. Usado por: Hñahñu, hñä hñü¬&
68¬Otomí¬51¬¬&
69¬Paipai¬51¬Incluye: Pames de Querétaro, Pames de San Luis Potosí. Usado por: Xi'ui¬&
70¬Pame¬51¬Sonora y Arizona. Tres divisiones principales: los hia'ched o'otham (areneños o gente de la arena); los akimel o'otham (gente del río), también conocidos como pimas gileños; y los tohono o'otham (gente del desierto). Usado por: Tohonoo'tham¬&
71¬Pápago¬51¬Usado por: O'oob, Otam¬&
72¬Pima¬51¬¬&
73¬Popoloca¬51¬Veracruz. Usado por: Popoluca. Ver también: Oluteco, Sayulteco y Texistepequeño¬&
74¬Popoluca de la Sierra¬51¬Originarios de los Altos Cuchumatanes, Huehuetenango, Guatemala. Usado por: Kanjobal¬&
75¬Q’anjob’al¬51¬Originarios de Alta Verapaz, Guatemala. Usado por: Kekchi, Kekchí¬&
76¬Q’eqchí’¬51¬Usado por: Mocho, Mochó, Motozintleco y Motocintleco¬&
77¬Qato’k¬51¬Usado por: Popoluca y Popoluca de Oluta. Ver también: Oluteco, Popoluca de la Sierra y Texistepequeño¬&
78¬Sayulteco¬51¬Usado por: Konkaak, conca'ac, Konkaak¬&
79¬Seri¬51¬Usado por: Purépecha¬&
80¬Tarasco¬51¬Usado por: Teco, tectitecos¬&
81¬Teko¬51¬Usado por: Hamasipine¬&
82¬Tepehua¬51¬Usado por: Odami¬&
83¬Tepehuano del norte¬51¬Usado por: O'dam¬&
84¬Tepehuano del sur¬51¬Usado por: Popoluca, Popoluca de Texistepec. Ver también: Oluteco, Popoluca de la Sierra y Sayulteco¬&
85¬Texistepequeño¬51¬Usado por: Ocuilteco¬&
86¬Tlahuica¬51¬Usado por: Tojolwinik'otik¬&
87¬Tojolabal¬51¬Usado por: Totonaca, Tachihuiin, totonaco (tu'tu nacu')¬&
88¬Totonaco¬51¬Usado por: Triquis, driquis, Tinujei, driki¬&
89¬Triqui¬51¬Usado por Tzeltal, Winikatel, k'op¬&
90¬Tseltal¬51¬Incorrectamente, a veces se les llama “Chamulas” por ser los tsotsiles de Chamula los más conocidos (CDHFBC). Usado por: Tzotzil, Batsil winik'otik, batzilk'op¬&
91¬Tsotsil¬51¬Usado por: Yoremes¬&
92¬Yaqui¬51¬Incluye: Zapotecos del Istmo de Tehuantepec, Sierra Norte de Oaxaca, Valles Centrales, Oaxaca ¬&
93¬Zapoteco¬51¬Usado por: O'depüt¬&
94¬Zoque¬51¬¬
