1¬No confiable¬Se aplica cuando: a) se trate de un documento dejado en recepción o enviado por otra vía, del cual se desconoce la fuente y/o no hay contacto personal con el denunciante; b) la fuente no estuvo presente en el evento y asegura la veracidad del mismo con base en rumores o versiones de supuestos testigos presenciales (FRAYBA)¬&
2¬Poco confiable¬Se aplica cuando: a) la información se obtiene de notas de prensa; b) la fuente no estuvo presente en el evento y asegura la veracidad del mismo por información de terceros; c) la fuente manifiesta capacidades físicas y/o mentales disminuidas, o patología psíquica evidente; c) la fuente muestra clara inclinación de simpatía u hostilidad hacia la víctima y/o el evento (FRAYBA)¬&
3¬Confiabilidad dudosa o incierta¬Se aplica: cuando a) hay incoherencia en la narración de los hechos; b) hay contradicción entre varios testimonios; c) la fuente es clave pero manifiesta alteraciones psíquicas o mentales; d) el documento ha sido enviado por una organización cuya credibilidad se desconoce (FRAYBA)¬&
4¬Probablemente confiable¬Se aplica: cuando a) la fuente estuvo presente en el evento, su información es clara y coherente; b) la fuente tiene un nivel público de confianza y/o un nivel de compromiso personal, por ejemplo líder de la comunidad; c) los motivos y objetivos de la fuente son consistentes (FRAYBA)¬&
5¬Muy confiable¬Se aplica: cuando a) la información de varias fuentes coincide; b) la información aporta evidencias y/o pruebas materiales o documentales que sustentan el caso; c) en los documentos hay consistencia dentro del contexto político social; d) hay eventos similares, ya sea recientes en el tiempo o por modus operandi (FRAYBA)¬
