1¬Familia¬¬&
2¬Grupo, institución privada, organización o movimiento social¬Usar para todos los siguientes: 1) entidades colectivas privadas como asociaciones civiles, ONG, fundaciones, etc.; 2) organizaciones y movimientos sociales (por ejemplo: campesinos, cooperativistas, estudiantiles, obreros, patronales, profesionales, de trabajadores y de liberación nacional); 3) empresas privadas con fines de lucro, etc.; 4) grupos de interés o de presión. Ejemplos para los cuales aplica este tipo de grupo: Activistas del Nivel de Educación Indígena; Alianza Mexicana por la Autodeterminación de los Pueblos (AMAP); Asamblea Permanente de Ejidatarios y Trabajadores del Carrizalillo; Federación Internacional de Derechos Humanos (FIDH); Grupo Televisa, S.A. de C.V. (Televisa); La Otra Campaña (La Otra); Centro de Derechos Indígenas Flor y Canto; Organización para el Futuro del Pueblo Mixteco (OFPM); Partido Acción Nacional (PAN); Sindicato Nacional de Trabajadores de la Educación - Sección 23 Puebla (SNTE 23 Puebla)¬&
3¬Institución pública¬Aplica a cualquier persona colectiva del sector público del poder ejecutivo, legislativo o judicial, de cualquier nivel, incluyendo las fuerzas armadas, empresas paraestatales, y organismos autónomos, descentralizados y desconcentrados¬&
4¬Organismo intergubernamental¬¬&
5¬Comunidad¬Aplica a comunidades geográficas, como comunidades rurales e indígenas, colonias, etc. No aplica a otro tipo de comunidades como la comunidad gay¬&
6¬Grupo específico¬Aplica a un grupo amplio de personas que comparten una característica común como puede ser género, grupo de edad, preferencia sexual, etnia o características de tipo económico, profesional, gremial o similares. No aplica a grupos organizados¬&
7¬Población en general¬¬
